bus,technology,year_added,heat_share,demand_TWh,p_nom,p_nom_max,n_units,remaining_lifetime,decommissioning_year,carrier
DE0 2 heat,air_source_heat_pump,2020,0.018,4.02795,437.92,525.5,201,20,2040,air_source_heat_pump
DE0 2 heat,ground_source_heat_pump,2020,0.002,0.44755,36.49,43.79,22,25,2045,ground_source_heat_pump
DE0 2 heat,air_source_heat_pump,2021,0.0357,7.9887675,868.53,1042.24,399,20,2041,air_source_heat_pump
DE0 2 heat,ground_source_heat_pump,2021,0.003966667,0.887640833,72.38,86.86,44,25,2046,ground_source_heat_pump
DE0 2 heat,air_source_heat_pump,2022,0.0534,11.949585,1299.15,1558.98,597,20,2042,air_source_heat_pump
DE0 2 heat,ground_source_heat_pump,2022,0.005933333,1.327731667,108.26,129.91,66,25,2047,ground_source_heat_pump
DE0 2 heat,air_source_heat_pump,2023,0.0711,15.9104025,1729.77,2075.72,796,20,2043,air_source_heat_pump
DE0 2 heat,ground_source_heat_pump,2023,0.0079,1.7678225,144.15,172.98,88,25,2048,ground_source_heat_pump
DE0 2 heat,air_source_heat_pump,2024,0.0918,20.542545,2233.37,2680.04,1027,20,2044,air_source_heat_pump
DE0 2 heat,ground_source_heat_pump,2024,0.0102,2.282505,186.11,223.33,114,25,2049,ground_source_heat_pump
DE0 2 heat,air_source_heat_pump,2025,0.1125,25.1746875,2736.97,3284.36,1259,20,2045,air_source_heat_pump
DE0 2 heat,ground_source_heat_pump,2025,0.0125,2.7971875,228.08,273.7,140,25,2050,ground_source_heat_pump
DE0 2 heat,air_source_heat_pump,2026,0.1332,29.80683,3240.58,3888.7,1490,20,2046,air_source_heat_pump
DE0 2 heat,ground_source_heat_pump,2026,0.0148,3.31187,270.05,324.06,166,25,2051,ground_source_heat_pump
DE0 2 heat,air_source_heat_pump,2027,0.1539,34.4389725,3744.18,4493.02,1722,20,2047,air_source_heat_pump
DE0 2 heat,ground_source_heat_pump,2027,0.0171,3.8265525,312.02,374.42,191,25,2052,ground_source_heat_pump
DE0 2 heat,air_source_heat_pump,2028,0.1746,39.071115,4247.78,5097.34,1954,20,2048,air_source_heat_pump
DE0 2 heat,ground_source_heat_pump,2028,0.0194,4.341235,353.98,424.78,217,25,2053,ground_source_heat_pump
DE0 2 heat,air_source_heat_pump,2029,0.1953,43.7032575,4751.39,5701.67,2185,20,2049,air_source_heat_pump
DE0 2 heat,ground_source_heat_pump,2029,0.0217,4.8559175,395.95,475.14,243,25,2054,ground_source_heat_pump
DE0 2 heat,air_source_heat_pump,2030,0.216,48.3354,5254.99,6305.99,2417,20,2050,air_source_heat_pump
DE0 2 heat,ground_source_heat_pump,2030,0.024,5.3706,437.92,525.5,269,25,2055,ground_source_heat_pump
DE0 2 heat,air_source_heat_pump,2031,0.1778,39.787195,4325.64,5190.77,1989,20,2051,air_source_heat_pump
DE0 2 heat,ground_source_heat_pump,2031,0.0762,17.051655,1390.38,1668.46,853,25,2056,ground_source_heat_pump
DE0 2 heat,air_source_heat_pump,2032,0.1876,41.98019,4564.06,5476.87,2099,20,2052,air_source_heat_pump
DE0 2 heat,ground_source_heat_pump,2032,0.0804,17.99151,1467.02,1760.42,900,25,2057,ground_source_heat_pump
DE0 2 heat,air_source_heat_pump,2033,0.1974,44.173185,4802.48,5762.98,2209,20,2053,air_source_heat_pump
DE0 2 heat,ground_source_heat_pump,2033,0.0846,18.931365,1543.65,1852.38,947,25,2058,ground_source_heat_pump
DE0 2 heat,air_source_heat_pump,2034,0.2072,46.36618,5040.9,6049.08,2318,20,2054,air_source_heat_pump
DE0 2 heat,ground_source_heat_pump,2034,0.0888,19.87122,1620.29,1944.35,994,25,2059,ground_source_heat_pump
DE0 2 heat,air_source_heat_pump,2035,0.217,48.559175,5279.32,6335.18,2428,20,2055,air_source_heat_pump
DE0 2 heat,ground_source_heat_pump,2035,0.093,20.811075,1696.92,2036.3,1041,25,2060,ground_source_heat_pump
DE0 2 heat,air_source_heat_pump,2036,0.2268,50.75217,5517.74,6621.29,2538,20,2056,air_source_heat_pump
DE0 2 heat,ground_source_heat_pump,2036,0.0972,21.75093,1773.56,2128.27,1088,25,2061,ground_source_heat_pump
DE0 2 heat,air_source_heat_pump,2037,0.2366,52.945165,5756.16,6907.39,2647,20,2057,air_source_heat_pump
DE0 2 heat,ground_source_heat_pump,2037,0.1014,22.690785,1850.19,2220.23,1135,25,2062,ground_source_heat_pump
DE0 2 heat,air_source_heat_pump,2038,0.2464,55.13816,5994.58,7193.5,2757,20,2058,air_source_heat_pump
DE0 2 heat,ground_source_heat_pump,2038,0.1056,23.63064,1926.83,2312.2,1182,25,2063,ground_source_heat_pump
DE0 2 heat,air_source_heat_pump,2039,0.2562,57.331155,6233,7479.6,2867,20,2059,air_source_heat_pump
DE0 2 heat,ground_source_heat_pump,2039,0.1098,24.570495,2003.47,2404.16,1229,25,2064,ground_source_heat_pump
DE0 2 heat,air_source_heat_pump,2040,0.266,59.52415,6471.42,7765.7,2976,20,2060,air_source_heat_pump
DE0 2 heat,ground_source_heat_pump,2040,0.114,25.51035,2080.1,2496.12,1276,25,2065,ground_source_heat_pump
DE0 2 heat,air_source_heat_pump,2041,0.273,61.090575,6641.72,7970.06,3055,20,2061,air_source_heat_pump
DE0 2 heat,ground_source_heat_pump,2041,0.117,26.181675,2134.84,2561.81,1309,25,2066,ground_source_heat_pump
DE0 2 heat,air_source_heat_pump,2042,0.28,62.657,6812.02,8174.42,3133,20,2062,air_source_heat_pump
DE0 2 heat,ground_source_heat_pump,2042,0.12,26.853,2189.58,2627.5,1343,25,2067,ground_source_heat_pump
DE0 2 heat,air_source_heat_pump,2043,0.287,64.223425,6982.32,8378.78,3211,20,2063,air_source_heat_pump
DE0 2 heat,ground_source_heat_pump,2043,0.123,27.524325,2244.32,2693.18,1376,25,2068,ground_source_heat_pump
DE0 2 heat,air_source_heat_pump,2044,0.294,65.78985,7152.63,8583.16,3289,20,2064,air_source_heat_pump
DE0 2 heat,ground_source_heat_pump,2044,0.126,28.19565,2299.06,2758.87,1410,25,2069,ground_source_heat_pump
DE0 2 heat,air_source_heat_pump,2045,0.301,67.356275,7322.93,8787.52,3368,20,2065,air_source_heat_pump
DE0 2 heat,ground_source_heat_pump,2045,0.129,28.866975,2353.8,2824.56,1443,25,2070,ground_source_heat_pump
DE0 2 heat,air_source_heat_pump,2046,0.308,68.9227,7493.23,8991.88,3446,20,2066,air_source_heat_pump
DE0 2 heat,ground_source_heat_pump,2046,0.132,29.5383,2408.54,2890.25,1477,25,2071,ground_source_heat_pump
DE0 2 heat,air_source_heat_pump,2047,0.315,70.489125,7663.53,9196.24,3524,20,2067,air_source_heat_pump
DE0 2 heat,ground_source_heat_pump,2047,0.135,30.209625,2463.28,2955.94,1510,25,2072,ground_source_heat_pump
DE0 2 heat,air_source_heat_pump,2048,0.322,72.05555,7833.83,9400.6,3603,20,2068,air_source_heat_pump
DE0 2 heat,ground_source_heat_pump,2048,0.138,30.88095,2518.02,3021.62,1544,25,2073,ground_source_heat_pump
DE0 2 heat,air_source_heat_pump,2049,0.329,73.621975,8004.13,9604.96,3681,20,2069,air_source_heat_pump
DE0 2 heat,ground_source_heat_pump,2049,0.141,31.552275,2572.76,3087.31,1578,25,2074,ground_source_heat_pump
DE0 2 heat,air_source_heat_pump,2050,0.336,75.1884,8174.43,9809.32,3759,20,2070,air_source_heat_pump
DE0 2 heat,ground_source_heat_pump,2050,0.144,32.2236,2627.5,3153,1611,25,2075,ground_source_heat_pump
DE0 9 heat,air_source_heat_pump,2020,0.018,2.522421,274.24,329.09,126,20,2040,air_source_heat_pump
DE0 9 heat,ground_source_heat_pump,2020,0.002,0.280269,22.85,27.42,14,25,2045,ground_source_heat_pump
DE0 9 heat,air_source_heat_pump,2021,0.0357,5.00280165,543.9,652.68,250,20,2041,air_source_heat_pump
DE0 9 heat,ground_source_heat_pump,2021,0.003966667,0.55586685,45.33,54.4,28,25,2046,ground_source_heat_pump
DE0 9 heat,air_source_heat_pump,2022,0.0534,7.4831823,813.57,976.28,374,20,2042,air_source_heat_pump
DE0 9 heat,ground_source_heat_pump,2022,0.005933333,0.8314647,67.8,81.36,42,25,2047,ground_source_heat_pump
DE0 9 heat,air_source_heat_pump,2023,0.0711,9.96356295,1083.23,1299.88,498,20,2043,air_source_heat_pump
DE0 9 heat,ground_source_heat_pump,2023,0.0079,1.10706255,90.27,108.32,55,25,2048,ground_source_heat_pump
DE0 9 heat,air_source_heat_pump,2024,0.0918,12.8643471,1398.6,1678.32,643,20,2044,air_source_heat_pump
DE0 9 heat,ground_source_heat_pump,2024,0.0102,1.4293719,116.55,139.86,71,25,2049,ground_source_heat_pump
DE0 9 heat,air_source_heat_pump,2025,0.1125,15.76513125,1713.97,2056.76,788,20,2045,air_source_heat_pump
DE0 9 heat,ground_source_heat_pump,2025,0.0125,1.75168125,142.83,171.4,88,25,2050,ground_source_heat_pump
DE0 9 heat,air_source_heat_pump,2026,0.1332,18.6659154,2029.35,2435.22,933,20,2046,air_source_heat_pump
DE0 9 heat,ground_source_heat_pump,2026,0.0148,2.0739906,169.11,202.93,104,25,2051,ground_source_heat_pump
DE0 9 heat,air_source_heat_pump,2027,0.1539,21.56669955,2344.72,2813.66,1078,20,2047,air_source_heat_pump
DE0 9 heat,ground_source_heat_pump,2027,0.0171,2.39629995,195.39,234.47,120,25,2052,ground_source_heat_pump
DE0 9 heat,air_source_heat_pump,2028,0.1746,24.4674837,2660.09,3192.11,1223,20,2048,air_source_heat_pump
DE0 9 heat,ground_source_heat_pump,2028,0.0194,2.7186093,221.67,266,136,25,2053,ground_source_heat_pump
DE0 9 heat,air_source_heat_pump,2029,0.1953,27.36826785,2975.46,3570.55,1368,20,2049,air_source_heat_pump
DE0 9 heat,ground_source_heat_pump,2029,0.0217,3.04091865,247.95,297.54,152,25,2054,ground_source_heat_pump
DE0 9 heat,air_source_heat_pump,2030,0.216,30.269052,3290.83,3949,1513,20,2050,air_source_heat_pump
DE0 9 heat,ground_source_heat_pump,2030,0.024,3.363228,274.24,329.09,168,25,2055,ground_source_heat_pump
DE0 9 heat,air_source_heat_pump,2031,0.1778,24.9159141,2708.84,3250.61,1246,20,2051,air_source_heat_pump
DE0 9 heat,ground_source_heat_pump,2031,0.0762,10.6782489,870.7,1044.84,534,25,2056,ground_source_heat_pump
DE0 9 heat,air_source_heat_pump,2032,0.1876,26.2892322,2858.15,3429.78,1314,20,2052,air_source_heat_pump
DE0 9 heat,ground_source_heat_pump,2032,0.0804,11.2668138,918.69,1102.43,563,25,2057,ground_source_heat_pump
DE0 9 heat,air_source_heat_pump,2033,0.1974,27.6625503,3007.45,3608.94,1383,20,2053,air_source_heat_pump
DE0 9 heat,ground_source_heat_pump,2033,0.0846,11.8553787,966.68,1160.02,593,25,2058,ground_source_heat_pump
DE0 9 heat,air_source_heat_pump,2034,0.2072,29.0358684,3156.76,3788.11,1452,20,2054,air_source_heat_pump
DE0 9 heat,ground_source_heat_pump,2034,0.0888,12.4439436,1014.67,1217.6,622,25,2059,ground_source_heat_pump
DE0 9 heat,air_source_heat_pump,2035,0.217,30.4091865,3306.07,3967.28,1520,20,2055,air_source_heat_pump
DE0 9 heat,ground_source_heat_pump,2035,0.093,13.0325085,1062.66,1275.19,652,25,2060,ground_source_heat_pump
DE0 9 heat,air_source_heat_pump,2036,0.2268,31.7825046,3455.37,4146.44,1589,20,2056,air_source_heat_pump
DE0 9 heat,ground_source_heat_pump,2036,0.0972,13.6210734,1110.66,1332.79,681,25,2061,ground_source_heat_pump
DE0 9 heat,air_source_heat_pump,2037,0.2366,33.1558227,3604.68,4325.62,1658,20,2057,air_source_heat_pump
DE0 9 heat,ground_source_heat_pump,2037,0.1014,14.2096383,1158.65,1390.38,710,25,2062,ground_source_heat_pump
DE0 9 heat,air_source_heat_pump,2038,0.2464,34.5291408,3753.98,4504.78,1726,20,2058,air_source_heat_pump
DE0 9 heat,ground_source_heat_pump,2038,0.1056,14.7982032,1206.64,1447.97,740,25,2063,ground_source_heat_pump
DE0 9 heat,air_source_heat_pump,2039,0.2562,35.9024589,3903.29,4683.95,1795,20,2059,air_source_heat_pump
DE0 9 heat,ground_source_heat_pump,2039,0.1098,15.3867681,1254.63,1505.56,769,25,2064,ground_source_heat_pump
DE0 9 heat,air_source_heat_pump,2040,0.266,37.275777,4052.6,4863.12,1864,20,2060,air_source_heat_pump
DE0 9 heat,ground_source_heat_pump,2040,0.114,15.975333,1302.62,1563.14,799,25,2065,ground_source_heat_pump
DE0 9 heat,air_source_heat_pump,2041,0.273,38.2567185,4159.24,4991.09,1913,20,2061,air_source_heat_pump
DE0 9 heat,ground_source_heat_pump,2041,0.117,16.3957365,1336.9,1604.28,820,25,2066,ground_source_heat_pump
DE0 9 heat,air_source_heat_pump,2042,0.28,39.23766,4265.89,5119.07,1962,20,2062,air_source_heat_pump
DE0 9 heat,ground_source_heat_pump,2042,0.12,16.81614,1371.18,1645.42,841,25,2067,ground_source_heat_pump
DE0 9 heat,air_source_heat_pump,2043,0.287,40.2186015,4372.54,5247.05,2011,20,2063,air_source_heat_pump
DE0 9 heat,ground_source_heat_pump,2043,0.123,17.2365435,1405.46,1686.55,862,25,2068,ground_source_heat_pump
DE0 9 heat,air_source_heat_pump,2044,0.294,41.199543,4479.18,5375.02,2060,20,2064,air_source_heat_pump
DE0 9 heat,ground_source_heat_pump,2044,0.126,17.656947,1439.74,1727.69,883,25,2069,ground_source_heat_pump
DE0 9 heat,air_source_heat_pump,2045,0.301,42.1804845,4585.83,5503,2109,20,2065,air_source_heat_pump
DE0 9 heat,ground_source_heat_pump,2045,0.129,18.0773505,1474.02,1768.82,904,25,2070,ground_source_heat_pump
DE0 9 heat,air_source_heat_pump,2046,0.308,43.161426,4692.48,5630.98,2158,20,2066,air_source_heat_pump
DE0 9 heat,ground_source_heat_pump,2046,0.132,18.497754,1508.3,1809.96,925,25,2071,ground_source_heat_pump
DE0 9 heat,air_source_heat_pump,2047,0.315,44.1423675,4799.13,5758.96,2207,20,2067,air_source_heat_pump
DE0 9 heat,ground_source_heat_pump,2047,0.135,18.9181575,1542.58,1851.1,946,25,2072,ground_source_heat_pump
DE0 9 heat,air_source_heat_pump,2048,0.322,45.123309,4905.77,5886.92,2256,20,2068,air_source_heat_pump
DE0 9 heat,ground_source_heat_pump,2048,0.138,19.338561,1576.86,1892.23,967,25,2073,ground_source_heat_pump
DE0 9 heat,air_source_heat_pump,2049,0.329,46.1042505,5012.42,6014.9,2305,20,2069,air_source_heat_pump
DE0 9 heat,ground_source_heat_pump,2049,0.141,19.7589645,1611.14,1933.37,988,25,2074,ground_source_heat_pump
DE0 9 heat,air_source_heat_pump,2050,0.336,47.085192,5119.07,6142.88,2354,20,2070,air_source_heat_pump
DE0 9 heat,ground_source_heat_pump,2050,0.144,20.179368,1645.41,1974.49,1009,25,2075,ground_source_heat_pump
DE0 A heat,air_source_heat_pump,2020,0.018,4.8480678,527.08,632.5,242,20,2040,air_source_heat_pump
DE0 A heat,ground_source_heat_pump,2020,0.002,0.5386742,43.92,52.7,27,25,2045,ground_source_heat_pump
DE0 A heat,air_source_heat_pump,2021,0.0357,9.61533447,1045.37,1254.44,481,20,2041,air_source_heat_pump
DE0 A heat,ground_source_heat_pump,2021,0.003966667,1.068370497,87.11,104.53,53,25,2046,ground_source_heat_pump
DE0 A heat,air_source_heat_pump,2022,0.0534,14.38260114,1563.67,1876.4,719,20,2042,air_source_heat_pump
DE0 A heat,ground_source_heat_pump,2022,0.005933333,1.598066793,130.31,156.37,80,25,2047,ground_source_heat_pump
DE0 A heat,air_source_heat_pump,2023,0.0711,19.14986781,2081.96,2498.35,957,20,2043,air_source_heat_pump
DE0 A heat,ground_source_heat_pump,2023,0.0079,2.12776309,173.5,208.2,106,25,2048,ground_source_heat_pump
DE0 A heat,air_source_heat_pump,2024,0.0918,24.72514578,2688.1,3225.72,1236,20,2044,air_source_heat_pump
DE0 A heat,ground_source_heat_pump,2024,0.0102,2.74723842,224.01,268.81,137,25,2049,ground_source_heat_pump
DE0 A heat,air_source_heat_pump,2025,0.1125,30.30042375,3294.24,3953.09,1515,20,2045,air_source_heat_pump
DE0 A heat,ground_source_heat_pump,2025,0.0125,3.36671375,274.52,329.42,168,25,2050,ground_source_heat_pump
DE0 A heat,air_source_heat_pump,2026,0.1332,35.87570172,3900.38,4680.46,1794,20,2046,air_source_heat_pump
DE0 A heat,ground_source_heat_pump,2026,0.0148,3.98618908,325.03,390.04,199,25,2051,ground_source_heat_pump
DE0 A heat,air_source_heat_pump,2027,0.1539,41.45097969,4506.52,5407.82,2073,20,2047,air_source_heat_pump
DE0 A heat,ground_source_heat_pump,2027,0.0171,4.60566441,375.54,450.65,230,25,2052,ground_source_heat_pump
DE0 A heat,air_source_heat_pump,2028,0.1746,47.02625766,5112.66,6135.19,2351,20,2048,air_source_heat_pump
DE0 A heat,ground_source_heat_pump,2028,0.0194,5.22513974,426.06,511.27,261,25,2053,ground_source_heat_pump
DE0 A heat,air_source_heat_pump,2029,0.1953,52.60153563,5718.8,6862.56,2630,20,2049,air_source_heat_pump
DE0 A heat,ground_source_heat_pump,2029,0.0217,5.84461507,476.57,571.88,292,25,2054,ground_source_heat_pump
DE0 A heat,air_source_heat_pump,2030,0.216,58.1768136,6324.94,7589.93,2909,20,2050,air_source_heat_pump
DE0 A heat,ground_source_heat_pump,2030,0.024,6.4640904,527.08,632.5,323,25,2055,ground_source_heat_pump
DE0 A heat,air_source_heat_pump,2031,0.1778,47.88813638,5206.36,6247.63,2394,20,2051,air_source_heat_pump
DE0 A heat,ground_source_heat_pump,2031,0.0762,20.52348702,1673.47,2008.16,1026,25,2056,ground_source_heat_pump
DE0 A heat,air_source_heat_pump,2032,0.1876,50.52763996,5493.33,6592,2526,20,2052,air_source_heat_pump
DE0 A heat,ground_source_heat_pump,2032,0.0804,21.65470284,1765.71,2118.85,1083,25,2057,ground_source_heat_pump
DE0 A heat,air_source_heat_pump,2033,0.1974,53.16714354,5780.29,6936.35,2658,20,2053,air_source_heat_pump
DE0 A heat,ground_source_heat_pump,2033,0.0846,22.78591866,1857.95,2229.54,1139,25,2058,ground_source_heat_pump
DE0 A heat,air_source_heat_pump,2034,0.2072,55.80664712,6067.26,7280.71,2790,20,2054,air_source_heat_pump
DE0 A heat,ground_source_heat_pump,2034,0.0888,23.91713448,1950.19,2340.23,1196,25,2059,ground_source_heat_pump
DE0 A heat,air_source_heat_pump,2035,0.217,58.4461507,6354.22,7625.06,2922,20,2055,air_source_heat_pump
DE0 A heat,ground_source_heat_pump,2035,0.093,25.0483503,2042.43,2450.92,1252,25,2060,ground_source_heat_pump
DE0 A heat,air_source_heat_pump,2036,0.2268,61.08565428,6641.19,7969.43,3054,20,2056,air_source_heat_pump
DE0 A heat,ground_source_heat_pump,2036,0.0972,26.17956612,2134.67,2561.6,1309,25,2061,ground_source_heat_pump
DE0 A heat,air_source_heat_pump,2037,0.2366,63.72515786,6928.15,8313.78,3186,20,2057,air_source_heat_pump
DE0 A heat,ground_source_heat_pump,2037,0.1014,27.31078194,2226.91,2672.29,1366,25,2062,ground_source_heat_pump
DE0 A heat,air_source_heat_pump,2038,0.2464,66.36466144,7215.12,8658.14,3318,20,2058,air_source_heat_pump
DE0 A heat,ground_source_heat_pump,2038,0.1056,28.44199776,2319.15,2782.98,1422,25,2063,ground_source_heat_pump
DE0 A heat,air_source_heat_pump,2039,0.2562,69.00416502,7502.08,9002.5,3450,20,2059,air_source_heat_pump
DE0 A heat,ground_source_heat_pump,2039,0.1098,29.57321358,2411.38,2893.66,1479,25,2064,ground_source_heat_pump
DE0 A heat,air_source_heat_pump,2040,0.266,71.6436686,7789.05,9346.86,3582,20,2060,air_source_heat_pump
DE0 A heat,ground_source_heat_pump,2040,0.114,30.7044294,2503.62,3004.34,1535,25,2065,ground_source_heat_pump
DE0 A heat,air_source_heat_pump,2041,0.273,73.5290283,7994.02,9592.82,3676,20,2061,air_source_heat_pump
DE0 A heat,ground_source_heat_pump,2041,0.117,31.5124407,2569.51,3083.41,1576,25,2066,ground_source_heat_pump
DE0 A heat,air_source_heat_pump,2042,0.28,75.414388,8199,9838.8,3771,20,2062,air_source_heat_pump
DE0 A heat,ground_source_heat_pump,2042,0.12,32.320452,2635.39,3162.47,1616,25,2067,ground_source_heat_pump
DE0 A heat,air_source_heat_pump,2043,0.287,77.2997477,8403.97,10084.76,3865,20,2063,air_source_heat_pump
DE0 A heat,ground_source_heat_pump,2043,0.123,33.1284633,2701.28,3241.54,1656,25,2068,ground_source_heat_pump
DE0 A heat,air_source_heat_pump,2044,0.294,79.1851074,8608.95,10330.74,3959,20,2064,air_source_heat_pump
DE0 A heat,ground_source_heat_pump,2044,0.126,33.9364746,2767.16,3320.59,1697,25,2069,ground_source_heat_pump
DE0 A heat,air_source_heat_pump,2045,0.301,81.0704671,8813.92,10576.7,4054,20,2065,air_source_heat_pump
DE0 A heat,ground_source_heat_pump,2045,0.129,34.7444859,2833.05,3399.66,1737,25,2070,ground_source_heat_pump
DE0 A heat,air_source_heat_pump,2046,0.308,82.9558268,9018.9,10822.68,4148,20,2066,air_source_heat_pump
DE0 A heat,ground_source_heat_pump,2046,0.132,35.5524972,2898.93,3478.72,1778,25,2071,ground_source_heat_pump
DE0 A heat,air_source_heat_pump,2047,0.315,84.8411865,9223.87,11068.64,4242,20,2067,air_source_heat_pump
DE0 A heat,ground_source_heat_pump,2047,0.135,36.3605085,2964.82,3557.78,1818,25,2072,ground_source_heat_pump
DE0 A heat,air_source_heat_pump,2048,0.322,86.7265462,9428.85,11314.62,4336,20,2068,air_source_heat_pump
DE0 A heat,ground_source_heat_pump,2048,0.138,37.1685198,3030.7,3636.84,1858,25,2073,ground_source_heat_pump
DE0 A heat,air_source_heat_pump,2049,0.329,88.6119059,9633.82,11560.58,4431,20,2069,air_source_heat_pump
DE0 A heat,ground_source_heat_pump,2049,0.141,37.9765311,3096.59,3715.91,1899,25,2074,ground_source_heat_pump
DE0 A heat,air_source_heat_pump,2050,0.336,90.4972656,9838.8,11806.56,4525,20,2070,air_source_heat_pump
DE0 A heat,ground_source_heat_pump,2050,0.144,38.7845424,3162.47,3794.96,1939,25,2075,ground_source_heat_pump
DE0 E heat,air_source_heat_pump,2020,0.018,2.4001812,260.95,313.14,120,20,2040,air_source_heat_pump
DE0 E heat,ground_source_heat_pump,2020,0.002,0.2666868,21.75,26.1,13,25,2045,ground_source_heat_pump
DE0 E heat,air_source_heat_pump,2021,0.0357,4.76035938,517.54,621.05,238,20,2041,air_source_heat_pump
DE0 E heat,ground_source_heat_pump,2021,0.003966667,0.52892882,43.13,51.76,26,25,2046,ground_source_heat_pump
DE0 E heat,air_source_heat_pump,2022,0.0534,7.12053756,774.14,928.97,356,20,2042,air_source_heat_pump
DE0 E heat,ground_source_heat_pump,2022,0.005933333,0.79117084,64.51,77.41,40,25,2047,ground_source_heat_pump
DE0 E heat,air_source_heat_pump,2023,0.0711,9.48071574,1030.74,1236.89,474,20,2043,air_source_heat_pump
DE0 E heat,ground_source_heat_pump,2023,0.0079,1.05341286,85.89,103.07,53,25,2048,ground_source_heat_pump
DE0 E heat,air_source_heat_pump,2024,0.0918,12.24092412,1330.82,1596.98,612,20,2044,air_source_heat_pump
DE0 E heat,ground_source_heat_pump,2024,0.0102,1.36010268,110.9,133.08,68,25,2049,ground_source_heat_pump
DE0 E heat,air_source_heat_pump,2025,0.1125,15.0011325,1630.91,1957.09,750,20,2045,air_source_heat_pump
DE0 E heat,ground_source_heat_pump,2025,0.0125,1.6667925,135.91,163.09,83,25,2050,ground_source_heat_pump
DE0 E heat,air_source_heat_pump,2026,0.1332,17.76134088,1931,2317.2,888,20,2046,air_source_heat_pump
DE0 E heat,ground_source_heat_pump,2026,0.0148,1.97348232,160.92,193.1,99,25,2051,ground_source_heat_pump
DE0 E heat,air_source_heat_pump,2027,0.1539,20.52154926,2231.09,2677.31,1026,20,2047,air_source_heat_pump
DE0 E heat,ground_source_heat_pump,2027,0.0171,2.28017214,185.92,223.1,114,25,2052,ground_source_heat_pump
DE0 E heat,air_source_heat_pump,2028,0.1746,23.28175764,2531.18,3037.42,1164,20,2048,air_source_heat_pump
DE0 E heat,ground_source_heat_pump,2028,0.0194,2.58686196,210.93,253.12,129,25,2053,ground_source_heat_pump
DE0 E heat,air_source_heat_pump,2029,0.1953,26.04196602,2831.26,3397.51,1302,20,2049,air_source_heat_pump
DE0 E heat,ground_source_heat_pump,2029,0.0217,2.89355178,235.94,283.13,145,25,2054,ground_source_heat_pump
DE0 E heat,air_source_heat_pump,2030,0.216,28.8021744,3131.35,3757.62,1440,20,2050,air_source_heat_pump
DE0 E heat,ground_source_heat_pump,2030,0.024,3.2002416,260.95,313.14,160,25,2055,ground_source_heat_pump
DE0 E heat,air_source_heat_pump,2031,0.1778,23.70845652,2577.57,3093.08,1185,20,2051,air_source_heat_pump
DE0 E heat,ground_source_heat_pump,2031,0.0762,10.16076708,828.5,994.2,508,25,2056,ground_source_heat_pump
DE0 E heat,air_source_heat_pump,2032,0.1876,25.01522184,2719.64,3263.57,1251,20,2052,air_source_heat_pump
DE0 E heat,ground_source_heat_pump,2032,0.0804,10.72080936,874.17,1049,536,25,2057,ground_source_heat_pump
DE0 E heat,air_source_heat_pump,2033,0.1974,26.32198716,2861.71,3434.05,1316,20,2053,air_source_heat_pump
DE0 E heat,ground_source_heat_pump,2033,0.0846,11.28085164,919.83,1103.8,564,25,2058,ground_source_heat_pump
DE0 E heat,air_source_heat_pump,2034,0.2072,27.62875248,3003.78,3604.54,1381,20,2054,air_source_heat_pump
DE0 E heat,ground_source_heat_pump,2034,0.0888,11.84089392,965.5,1158.6,592,25,2059,ground_source_heat_pump
DE0 E heat,air_source_heat_pump,2035,0.217,28.9355178,3145.85,3775.02,1447,20,2055,air_source_heat_pump
DE0 E heat,ground_source_heat_pump,2035,0.093,12.4009362,1011.17,1213.4,620,25,2060,ground_source_heat_pump
DE0 E heat,air_source_heat_pump,2036,0.2268,30.24228312,3287.92,3945.5,1512,20,2056,air_source_heat_pump
DE0 E heat,ground_source_heat_pump,2036,0.0972,12.96097848,1056.83,1268.2,648,25,2061,ground_source_heat_pump
DE0 E heat,air_source_heat_pump,2037,0.2366,31.54904844,3429.99,4115.99,1577,20,2057,air_source_heat_pump
DE0 E heat,ground_source_heat_pump,2037,0.1014,13.52102076,1102.5,1323,676,25,2062,ground_source_heat_pump
DE0 E heat,air_source_heat_pump,2038,0.2464,32.85581376,3572.06,4286.47,1643,20,2058,air_source_heat_pump
DE0 E heat,ground_source_heat_pump,2038,0.1056,14.08106304,1148.16,1377.79,704,25,2063,ground_source_heat_pump
DE0 E heat,air_source_heat_pump,2039,0.2562,34.16257908,3714.13,4456.96,1708,20,2059,air_source_heat_pump
DE0 E heat,ground_source_heat_pump,2039,0.1098,14.64110532,1193.83,1432.6,732,25,2064,ground_source_heat_pump
DE0 E heat,air_source_heat_pump,2040,0.266,35.4693444,3856.2,4627.44,1773,20,2060,air_source_heat_pump
DE0 E heat,ground_source_heat_pump,2040,0.114,15.2011476,1239.49,1487.39,760,25,2065,ground_source_heat_pump
DE0 E heat,air_source_heat_pump,2041,0.273,36.4027482,3957.68,4749.22,1820,20,2061,air_source_heat_pump
DE0 E heat,ground_source_heat_pump,2041,0.117,15.6011778,1272.11,1526.53,780,25,2066,ground_source_heat_pump
DE0 E heat,air_source_heat_pump,2042,0.28,37.336152,4059.16,4870.99,1867,20,2062,air_source_heat_pump
DE0 E heat,ground_source_heat_pump,2042,0.12,16.001208,1304.73,1565.68,800,25,2067,ground_source_heat_pump
DE0 E heat,air_source_heat_pump,2043,0.287,38.2695558,4160.64,4992.77,1913,20,2063,air_source_heat_pump
DE0 E heat,ground_source_heat_pump,2043,0.123,16.4012382,1337.35,1604.82,820,25,2068,ground_source_heat_pump
DE0 E heat,air_source_heat_pump,2044,0.294,39.2029596,4262.12,5114.54,1960,20,2064,air_source_heat_pump
DE0 E heat,ground_source_heat_pump,2044,0.126,16.8012684,1369.97,1643.96,840,25,2069,ground_source_heat_pump
DE0 E heat,air_source_heat_pump,2045,0.301,40.1363634,4363.6,5236.32,2007,20,2065,air_source_heat_pump
DE0 E heat,ground_source_heat_pump,2045,0.129,17.2012986,1402.58,1683.1,860,25,2070,ground_source_heat_pump
DE0 E heat,air_source_heat_pump,2046,0.308,41.0697672,4465.08,5358.1,2053,20,2066,air_source_heat_pump
DE0 E heat,ground_source_heat_pump,2046,0.132,17.6013288,1435.2,1722.24,880,25,2071,ground_source_heat_pump
DE0 E heat,air_source_heat_pump,2047,0.315,42.003171,4566.55,5479.86,2100,20,2067,air_source_heat_pump
DE0 E heat,ground_source_heat_pump,2047,0.135,18.001359,1467.82,1761.38,900,25,2072,ground_source_heat_pump
DE0 E heat,air_source_heat_pump,2048,0.322,42.9365748,4668.03,5601.64,2147,20,2068,air_source_heat_pump
DE0 E heat,ground_source_heat_pump,2048,0.138,18.4013892,1500.44,1800.53,920,25,2073,ground_source_heat_pump
DE0 E heat,air_source_heat_pump,2049,0.329,43.8699786,4769.51,5723.41,2193,20,2069,air_source_heat_pump
DE0 E heat,ground_source_heat_pump,2049,0.141,18.8014194,1533.06,1839.67,940,25,2074,ground_source_heat_pump
DE0 E heat,air_source_heat_pump,2050,0.336,44.8033824,4870.99,5845.19,2240,20,2070,air_source_heat_pump
DE0 E heat,ground_source_heat_pump,2050,0.144,19.2014496,1565.68,1878.82,960,25,2075,ground_source_heat_pump
